<?xml version="1.0" encoding="UTF-8" ?>
<!DOCTYPE mapper
  PUBLIC "-//mybatis.org//DTD Mapper 3.0//EN"
  "http://mybatis.org/dtd/mybatis-3-mapper.dtd">
  
<mapper namespace="edu.eci.cvds.sampleprj.dao.mybatis.mappers.ItemMapper">
    <insert parameterType="map" id="insertarItem">
    	insert into VI_ITEMS(id,nombre,descripcion,fechaLanzamiento,tarifaxdia,formatorenta,genero,TIPOITEM_id) values(#{item.id},#{item.nombre},#{item.descripcion},#{item.fechaLanzamiento},#{item.tarifaxDia},#{item.formatoRenta},#{item.genero},#{item.tipo.id})
    </insert>
    <select parameterType="map" id="consultarItem" resultMap="ItemResult">
		SELECT
        i.id ,
        i.nombre ,
        i.descripcion,
        i.fechalanzamiento  ,
        i.tarifaxdia  ,
        i.formatorenta  ,
        i.genero ,
        ti.id as tipoitem_id,
        ti.descripcion as tipoitem_descripcion
        from VI_ITEMS as i ,VI_TIPOITEM as ti
        where i.TIPOITEM_id=ti.id and i.id = #{idit}
	</select>
    <select parameterType="map" id="consultarItems" resultMap="ItemResult">
		SELECT
        i.id ,
        i.nombre ,
        i.descripcion,
        i.fechalanzamiento  ,
        i.tarifaxdia  ,
        i.formatorenta  ,
        i.genero ,
        ti.id as tipoitem_id,
        ti.descripcion as tipoitem_descripcion
        from VI_ITEMS as i ,VI_TIPOITEM as ti
	</select>
    <resultMap type='Item' id='ItemResult'>
        <id property='id' column='id'/>
        <result property='nombre' column='nombre'/>
        <result property='descripcion' column='descripcion'/>
        <result property='fechaLanzamiento' column='fechalanzamiento'/>
        <result property='tarifaxDia' column='tarifaxdia'/>
        <result property='formatoRenta' column='formatorenta'/>
        <result property='genero' column='genero'/>
        <association property='tipo' column='TIPOITEM_id' resultMap="edu.eci.cvds.sampleprj.dao.mybatis.mappers.TipoItemMapper.TipoItemResult" columnPrefix='tipoitem_'></association>
    </resultMap>
</mapper>