<!--DTD para el atributo DETALLE de la tabla Entrenador-->>
<?xml version="1.0"?>

<!DOCTYPE Detalle[
    <!ELEMENT Detalle (identificacion,Nombre,Apellido,Estudios,Especialidad,Premios*)>
    <!ELEMENT identificacion (#PCDATA)>
    <!ATTLIST identificacion
            numero CDATA #REQUIRED
            tipo CDATA #REQUIRED
            FechaNacimiento CDATA #REQUIRED>
    <!ELEMENT Nombre (#PCDATA)>
    <!ELEMENT Apellido (#PCDATA)>
    <!ELEMENT Estudios (Colegio,Universidad,Especializacion*)>
    <!ELEMENT Colegio (#PCDATA)>
    <!ATTLIST Colegio Nombre CDATA #IMPLIED>
    <!ELEMENT Universidad (#PCDATA)>
    <!ATTLIST Universidad
            Nombre CDATA #REQUIRED
            Semestre CDATA #IMPLIED>
    <!ELEMENT Especialidad (#PCDATA)>
    <!ELEMENT Premios (#PCDATA)>
    <!ATTLIST Premios
            Nombre CDATA #REQUIRED
            Fecha CDATA #REQUIRED>
]>

<!--XML del entrenador 1-->
<Detalle>
    <identificacion numero='4044404040' tipo='CC' FechaNacimiento='3/06/1998'></identificacion>
    <Nombre>Adrian</Nombre>
    <Apellido>Diaz Martinez</Apellido>
    <Estudios>
      <Colegio Nombre='Liceo Los Angeles'></Colegio>
      <Universidad Nombre='Area Andina' Semestre='8'></Universidad>
    </Estudios>
    <Especialidad>Levantamiento Olimpico</Especialidad>
</Detalle>


<!--XML del entrenador 2-->>
<Detalle>
    <identificacion numero='1010127129' tipo='CC' FechaNacimiento='5/08/2000'></identificacion>
    <Nombre>Santiago</Nombre>
    <Apellido>Martinez Martinez</Apellido>
    <Estudios>
      <Colegio Nombre='Liceo Hypatia'></Colegio>
      <Universidad Nombre='Escuela Colombiana De Ingenieria' Semestre='6'></Universidad>
    </Estudios>
    <Especialidad>Gimnasia</Especialidad>
    <Premios Nombre='Gimasia Word Champion' Fecha='2/02/2019'></Premios>
</Detalle>

<!--XML del entrenador 3-->>
<Detalle>
    <identificacion numero='1010114425' tipo='CC' FechaNacimiento='26/07/1996'></identificacion>
    <Nombre>Daniel</Nombre>
    <Apellido>Martinez Martinez</Apellido>
    <Estudios>
      <Colegio Nombre='Liceo Hypatia'></Colegio>
      <Universidad Nombre='El Bosque'></Universidad>
    </Estudios>
    <Especialidad>Cardio</Especialidad>
</Detalle>

<!--XML del entrenador 4-->>
<Detalle>
    <identificacion numero='1010145287' tipo='CC' FechaNacimiento='17/01/1993'></identificacion>
    <Nombre>Juan</Nombre>
    <Apellido>Rodriguez Vega</Apellido>
    <Estudios>
      <Colegio Nombre='Gimnasio Del Norte'></Colegio>
      <Universidad Nombre='SENA'></Universidad>
    </Estudios>
    <Especialidad>Levantamiento Olimpico</Especialidad>
    <Premios Nombre='RIO 2016' Fecha='4/10/2016'></Premios>
</Detalle>

<!--XML del entrenador 5-->>
<Detalle>
    <identificacion numero='1015482635' tipo='CC' FechaNacimiento='7/02/1989'></identificacion>
    <Nombre>Jon</Nombre>
    <Apellido>Herrera Lopez</Apellido>
    <Estudios>
      <Colegio Nombre='Colegio Distrital Bogota'></Colegio>
      <Universidad Nombre='SENA'></Universidad>
    </Estudios>
    <Especialidad>Gimnasia</Especialidad>
    <Premios Nombre='Gimasia Campeonato Bogota' Fecha='3/05/1999'></Premios>
</Detalle>

