<?xml version="1.0" encoding="UTF-8" ?>
<!DOCTYPE mapper
        PUBLIC "-//mybatis.org//DTD Mapper 3.0//EN"
        "http://mybatis.org/dtd/mybatis-3-mapper.dtd">

<mapper namespace="edu.eci.cvds.sampleprj.dao.mybatis.mappers.ElementoMapper">
    <resultMap type='Element' id='ElementoResult'>
        <id property='id' column='id'/>
        <result property="id_equipment" column="id_equipment"/>
        <result property='name' column='name'/>
        <result property='type' column='type'/>
        <result property='description' column='description'/>
        <result property='estado' column='estado'/>
    </resultMap>
    <insert id="registrarElemento" parameterType="map">
        INSERT INTO element VALUES(DEFAULT, #{elemento.id_equipment}, #{elemento.element_name}, #{elemento.type}, #{elemento.description}, #{elemento.estado});
    </insert>
    <select parameterType="map" id="consultarUltimoId" resultType="int">
        SELECT id FROM element ORDER BY id DESC LIMIT 1;
    </select>
    <select parameterType="map" id="consultarElementoPorId" resultMap="ElementoResult">
        SELECT e.id, e.element_name, e.description, e.id_equipment, e.type, e.estado
        FROM element as e
        WHERE e.id = #{id};
    </select>
    <select parameterType="map" id="consultarElementos" resultMap="ElementoResult">
        SELECT e.id, e.element_name, e.description, e.id_equipment, e.type, e.estado
        FROM element as e;
    </select>
    <update parameterType="map" id="cambiarIdEquipo">
        UPDATE element
        SET id_equipment = #{idEquipment}
        WHERE id = #{idElement};
    </update>
    <delete id="eliminarElementosPorId">
        DELETE FROM element as e WHERE e.id= #{id};
    </delete>
    <update parameterType="map" id="cambiarEstadoElementosId">
        UPDATE element
        SET estado = #{estado}
        WHERE id = #{id};
    </update>
    <select id="seleccionarElementoPorIdEquipo" resultMap="ElementoResult">
        SELECT e.id, e.element_name, e.description, e.id_equipment, e.type, e.estado
        FROM element as e
        WHERE e.id_equipment = #{idEquipment} AND e.type = #{tipo};
    </select>
    <select id="consultarNombreElemento" resultType="String">
        SELECT e.element_name FROM element e
        WHERE e.id = #{elementoID};
    </select>
    <select id="consultarElementoNoAsociado" resultMap="ElementoResult">
        SELECT e.id, e.element_name, e.description, e.id_equipment, e.type, e.estado
        FROM element as e
        WHERE e.id_equipment IS NULL AND e.type = #{type} AND e.estado = 'ACTIVO';
    </select>
    <select id="consultarElementosPorEquipo" resultMap="ElementoResult">
        SELECT e.id, e.element_name, e.description, e.id_equipment, e.type, e.estado FROM element e
        WHERE e.id_equipment = #{equipoID};
    </select>
    <select id="consultarElementoIDPorNombre" resultType="Integer">
        SELECT e.id FROM element e
        WHERE e.element_name = #{nombreElemento};
    </select>
</mapper>