<?xml version="1.0"?>

<!DOCTYPE detalle[
    <!ELEMENT detalle (NombreEmpresa,AñosTrabajo,Pais,NIT,NumeroCuenta)>
    <!ELEMENT NombreEmpresa (#PCDATA)>
    <!ELEMENT AñosTrabajo (#PCDATA)>
    <!ATTLIST AñosTrabajo
            AñosColombia CDATA #REQUIRED
            AñosFuera CDATA #IMPLIED>
    <!ELEMENT Pais (#PCDATA)>
    <!ELEMENT NIT (#PCDATA)>
    <!ELEMENT NumeroCuenta (#PCDATA)>
]>

<detalle>
    <NombreEmpresa>Rogue</NombreEmpresa>
    <AñosTrabajo AñosColombia='5' AñosFuera='10'></AñosTrabajo>
    <Pais>United States</Pais>
    <NIT>1111111111</NIT>
    <NumeroCuenta>1010101010</NumeroCuenta>
</detalle>
