<?xml version="1.0" encoding="UTF-8" ?>
<!DOCTYPE mapper
        PUBLIC "-//mybatis.org//DTD Mapper 3.0//EN"
        "http://mybatis.org/dtd/mybatis-3-mapper.dtd">

<mapper namespace="edu.eci.cvds.sampleprj.dao.mybatis.mappers.ItemRentadoMapper">
  <!-- Consultar ItemRentado por id -->
  <select parameterType="map" id="consultarItemRentado" resultMap="ItemRentadoResult">
      select ir.id , ir.fechainiciorenta , ir.fechafinrenta , i.id as item_id, i.nombre as i_nombre, i.descripcion as i_descripcion, i.fechalanzamiento as i_fechalanzamiento, i.tarifaxdia as i_tarifaxdia, i.formatorenta as i_formatorenta, i.genero as i_genero, ti.id as ti_id, ti.descripcion as ti_descripcion
      FROM VI_ITEMRENTADO as ir join VI_ITEMS as i on ir.ITEMS_id=i.id left join VI_TIPOITEM as ti on i.TIPOITEM_id=ti.id
      WHERE ir.id=#{idr}
  </select>
  <!-- Consultar todos los items rentados -->
  <select parameterType="map" id="consultarItemsRentados" resultMap="ItemRentadoResult">
      select ir.id , ir.fechainiciorenta , ir.fechafinrenta , i.id as item_id, i.nombre as i_nombre, i.descripcion as i_descripcion, i.fechalanzamiento as i_fechalanzamiento, i.tarifaxdia as i_tarifaxdia, i.formatorenta as i_formatorenta, i.genero as i_genero, ti.id as ti_id, ti.descripcion as ti_descripcion
      FROM VI_ITEMRENTADO as ir join VI_ITEMS as i on ir.ITEMS_id=i.id left join VI_TIPOITEM as ti on i.TIPOITEM_id=ti.id
  </select>
    <!-- Item Prestado -->
  <resultMap id="ItemRentadoResult" type="ItemRentado">
    <id property="id" column="id"/>
    <result property="fechainiciorenta" column="fechainiciorenta"/>
    <result property="fechafinrenta" column="fechafinrenta"/>
    <association property="item" javaType="Item" resultMap="edu.eci.cvds.sampleprj.dao.mybatis.mappers.ItemMapper.ItemResult" columnPrefix="i_"/>
  </resultMap> 

</mapper>