<?xml version="1.0" encoding="UTF-8" ?>
<!DOCTYPE configuration
        PUBLIC "-//mybatis.org//DTD Config 3.0//EN"
        "http://mybatis.org/dtd/mybatis-3-config.dtd">
<configuration>

    <typeAliases>
        <typeAlias type='edu.eci.cvds.samples.entities.Cliente' alias='Cliente'/>
        <typeAlias type='edu.eci.cvds.samples.entities.Item' alias='Item'/>
        <typeAlias type='edu.eci.cvds.samples.entities.ItemRentado' alias='ItemRentado'/>
        <typeAlias type='edu.eci.cvds.samples.entities.TipoItem' alias='TipoItem'/>
    </typeAliases>

    <environments default="test">
        <environment id="test">
            <transactionManager type="JDBC" />
            <dataSource type="POOLED">
                <property name="driver" value="org.h2.Driver" />
                <property name="url" value="jdbc:h2:file:./target/db/testdb;MODE=MYSQL" />
                <property name="username" value="sa" />
                <property name="password" value="" />
            </dataSource>
        </environment>
    </environments>

    <mappers>
        <mapper resource="mappers/ClienteMapper.xml"></mapper>
        <mapper resource="mappers/ItemMapper.xml"></mapper>
        <mapper resource="mappers/ItemRentadoMapper.xml"></mapper>
        <mapper resource="mappers/TipoItemMapper.xml"></mapper>
    </mappers>

</configuration>